Glyph_ID,X,Y,Sequence_Index
DR1,0.0,0.0,0
DR2,1.2,0.8,1
DR3,2.4,1.6,2
DR4,3.5999999999999996,2.4000000000000004,3
DR5,4.8,3.2,4
DR6,6.0,4.0,5
DR7,7.199999999999999,4.800000000000001,6
DR8,8.4,5.6000000000000005,7
DR9,9.6,6.4,8
DR10,10.799999999999999,7.2,9
DR11,12.0,8.0,10
DR12,13.2,8.8,11
