Rank,Pulse_Interval,Z_score,p_value
1,7,4.36,< 0.00001
2,49,4.02,< 0.00005
3,144,3.89,≈ 0.0001
4,91,3.66,≈ 0.0003
5,112,3.51,≈ 0.0005
6,343,3.44,≈ 0.0006
7,70,3.2,≈ 0.0013
8,133,3.12,≈ 0.0018
9,28,3.06,≈ 0.0024
10,12,2.98,≈ 0.0029
