Point_ID,X,Y,Sequence_Index
V1,0.0,0.0,0
V2,1.1,1.3,1
V3,2.2,2.6,2
V4,3.3000000000000003,3.9000000000000004,3
V5,4.4,5.2,4
V6,5.5,6.5,5
V7,6.6000000000000005,7.800000000000001,6
V8,7.700000000000001,9.1,7
V9,8.8,10.4,8
V10,9.9,11.700000000000001,9
